{"cameraMode":{"drawMode":0,"name":"Shaded","section":"Shading Mode"},"sceneLighting":false,"audioPlay":false,"sceneViewState":{"showFog":true,"showMaterialUpdate":false,"showSkybox":false,"showFlares":true,"showImageEffects":true,"showParticleSystems":true},"in2DMode":false,"pivot":{"x":0.0,"y":0.4124999940395355,"z":0.08660253882408142},"rotation":{"x":0.06323933601379395,"y":0.029930774122476579,"z":-0.0018972333054989577,"w":0.9975488781929016},"size":0.5724126696586609,"orthographic":false}