{"cameraMode":{"drawMode":0,"name":"Shaded","section":"Shading Mode"},"sceneLighting":true,"audioPlay":false,"sceneViewState":{"showFog":true,"showMaterialUpdate":false,"showSkybox":true,"showFlares":true,"showImageEffects":true,"showParticleSystems":true},"in2DMode":false,"pivot":{"x":6.495308876037598,"y":11.134931564331055,"z":31.56095314025879},"rotation":{"x":0.055954307317733768,"y":0.15718704462051392,"z":0.008918031118810177,"w":-0.9859457612037659},"size":10.0,"orthographic":false}